ID,Date,Currency,php_exchange_rate
3,"1978-01-03 00:00:00","US Dollar",7.37
4,"1978-01-04 00:00:00","US Dollar",7.37
5,"1978-01-05 00:00:00","US Dollar",7.37
6,"1978-01-06 00:00:00","US Dollar",7.37
9,"1978-01-09 00:00:00","US Dollar",7.3705
10,"1978-01-10 00:00:00","US Dollar",7.3705
11,"1978-01-11 00:00:00","US Dollar",7.3705
12,"1978-01-12 00:00:00","US Dollar",7.371
13,"1978-01-13 00:00:00","US Dollar",7.3715
16,"1978-01-16 00:00:00","US Dollar",7.3715
17,"1978-01-17 00:00:00","US Dollar",7.3715
19,"1978-01-19 00:00:00","US Dollar",7.372
20,"1978-01-20 00:00:00","US Dollar",7.372
23,"1978-01-23 00:00:00","US Dollar",7.3725
24,"1978-01-24 00:00:00","US Dollar",7.3725
25,"1978-01-25 00:00:00","US Dollar",7.3725
26,"1978-01-26 00:00:00","US Dollar",7.3725
27,"1978-01-27 00:00:00","US Dollar",7.373
30,"1978-01-30 00:00:00","US Dollar",7.3725
33,"1978-02-02 00:00:00","US Dollar",7.3715
34,"1978-02-03 00:00:00","US Dollar",7.3715
37,"1978-02-06 00:00:00","US Dollar",7.3715
38,"1978-02-07 00:00:00","US Dollar",7.3715
39,"1978-02-08 00:00:00","US Dollar",7.3715
40,"1978-02-09 00:00:00","US Dollar",7.3715
44,"1978-02-13 00:00:00","US Dollar",7.371
45,"1978-02-14 00:00:00","US Dollar",7.371
46,"1978-02-15 00:00:00","US Dollar",7.371
47,"1978-02-16 00:00:00","US Dollar",7.371
48,"1978-02-17 00:00:00","US Dollar",7.371
51,"1978-02-20 00:00:00","US Dollar",7.371
52,"1978-02-21 00:00:00","US Dollar",7.371
54,"1978-02-23 00:00:00","US Dollar",7.372
55,"1978-02-24 00:00:00","US Dollar",7.3725
58,"1978-02-27 00:00:00","US Dollar",7.3725
59,"1978-02-28 00:00:00","US Dollar",7.3725
60,"1978-03-01 00:00:00","US Dollar",7.3725
61,"1978-03-02 00:00:00","US Dollar",7.373
62,"1978-03-03 00:00:00","US Dollar",7.373
67,"1978-03-08 00:00:00","US Dollar",7.373
68,"1978-03-09 00:00:00","US Dollar",7.373
69,"1978-03-10 00:00:00","US Dollar",7.373
72,"1978-03-13 00:00:00","US Dollar",7.374
73,"1978-03-14 00:00:00","US Dollar",7.3745
74,"1978-03-15 00:00:00","US Dollar",7.3745
75,"1978-03-16 00:00:00","US Dollar",7.375
76,"1978-03-17 00:00:00","US Dollar",7.375
79,"1978-03-20 00:00:00","US Dollar",7.3745
80,"1978-03-21 00:00:00","US Dollar",7.374
81,"1978-03-22 00:00:00","US Dollar",7.3735
86,"1978-03-27 00:00:00","US Dollar",7.3735
87,"1978-03-28 00:00:00","US Dollar",7.3735
88,"1978-03-29 00:00:00","US Dollar",7.373
89,"1978-03-30 00:00:00","US Dollar",7.373
90,"1978-03-31 00:00:00","US Dollar",7.372
93,"1978-04-03 00:00:00","US Dollar",7.3675
94,"1978-04-04 00:00:00","US Dollar",7.3675
95,"1978-04-05 00:00:00","US Dollar",7.367
101,"1978-04-11 00:00:00","US Dollar",7.367
102,"1978-04-12 00:00:00","US Dollar",7.367
103,"1978-04-13 00:00:00","US Dollar",7.367
104,"1978-04-14 00:00:00","US Dollar",7.3675
107,"1978-04-17 00:00:00","US Dollar",7.367
108,"1978-04-18 00:00:00","US Dollar",7.367
109,"1978-04-19 00:00:00","US Dollar",7.367
110,"1978-04-20 00:00:00","US Dollar",7.367
111,"1978-04-21 00:00:00","US Dollar",7.367
114,"1978-04-24 00:00:00","US Dollar",7.3665
115,"1978-04-25 00:00:00","US Dollar",7.3665
116,"1978-04-26 00:00:00","US Dollar",7.366
117,"1978-04-27 00:00:00","US Dollar",7.3655
118,"1978-04-28 00:00:00","US Dollar",7.365
122,"1978-05-02 00:00:00","US Dollar",7.365
123,"1978-05-03 00:00:00","US Dollar",7.365
124,"1978-05-04 00:00:00","US Dollar",7.365
125,"1978-05-05 00:00:00","US Dollar",7.3645
128,"1978-05-08 00:00:00","US Dollar",7.364
129,"1978-05-09 00:00:00","US Dollar",7.364
130,"1978-05-10 00:00:00","US Dollar",7.3635
131,"1978-05-11 00:00:00","US Dollar",7.3635
132,"1978-05-12 00:00:00","US Dollar",7.3635
135,"1978-05-15 00:00:00","US Dollar",7.364
136,"1978-05-16 00:00:00","US Dollar",7.3635
137,"1978-05-17 00:00:00","US Dollar",7.3635
138,"1978-05-18 00:00:00","US Dollar",7.363
139,"1978-05-19 00:00:00","US Dollar",7.3625
143,"1978-05-23 00:00:00","US Dollar",7.362
144,"1978-05-24 00:00:00","US Dollar",7.362
145,"1978-05-25 00:00:00","US Dollar",7.3625
146,"1978-05-26 00:00:00","US Dollar",7.363
149,"1978-05-29 00:00:00","US Dollar",7.3635
150,"1978-05-30 00:00:00","US Dollar",7.364
151,"1978-05-31 00:00:00","US Dollar",7.364
152,"1978-06-01 00:00:00","US Dollar",7.3645
153,"1978-06-02 00:00:00","US Dollar",7.3645
156,"1978-06-05 00:00:00","US Dollar",7.3645
157,"1978-06-06 00:00:00","US Dollar",7.3645
158,"1978-06-07 00:00:00","US Dollar",7.365
159,"1978-06-08 00:00:00","US Dollar",7.3655
160,"1978-06-09 00:00:00","US Dollar",7.366
164,"1978-06-13 00:00:00","US Dollar",7.365
165,"1978-06-14 00:00:00","US Dollar",7.3645
166,"1978-06-15 00:00:00","US Dollar",7.3645
167,"1978-06-16 00:00:00","US Dollar",7.364
170,"1978-06-19 00:00:00","US Dollar",7.364
171,"1978-06-20 00:00:00","US Dollar",7.363
172,"1978-06-21 00:00:00","US Dollar",7.362
174,"1978-06-23 00:00:00","US Dollar",7.3615
178,"1978-06-27 00:00:00","US Dollar",7.361
180,"1978-06-29 00:00:00","US Dollar",7.36
181,"1978-06-30 00:00:00","US Dollar",7.36
187,"1978-07-06 00:00:00","US Dollar",7.36
191,"1978-07-10 00:00:00","US Dollar",7.36
192,"1978-07-11 00:00:00","US Dollar",7.3605
193,"1978-07-12 00:00:00","US Dollar",7.3605
194,"1978-07-13 00:00:00","US Dollar",7.361
195,"1978-07-14 00:00:00","US Dollar",7.361
198,"1978-07-17 00:00:00","US Dollar",7.3615
199,"1978-07-18 00:00:00","US Dollar",7.3615
200,"1978-07-19 00:00:00","US Dollar",7.3615
201,"1978-07-20 00:00:00","US Dollar",7.361
202,"1978-07-21 00:00:00","US Dollar",7.361
205,"1978-07-24 00:00:00","US Dollar",7.361
206,"1978-07-25 00:00:00","US Dollar",7.3615
207,"1978-07-26 00:00:00","US Dollar",7.3615
208,"1978-07-27 00:00:00","US Dollar",7.3615
209,"1978-07-28 00:00:00","US Dollar",7.3615
212,"1978-07-31 00:00:00","US Dollar",7.361
213,"1978-08-01 00:00:00","US Dollar",7.362
214,"1978-08-02 00:00:00","US Dollar",7.362
215,"1978-08-03 00:00:00","US Dollar",7.361
216,"1978-08-04 00:00:00","US Dollar",7.3615
219,"1978-08-07 00:00:00","US Dollar",7.361
220,"1978-08-08 00:00:00","US Dollar",7.3615
221,"1978-08-09 00:00:00","US Dollar",7.3615
222,"1978-08-10 00:00:00","US Dollar",7.3615
223,"1978-08-11 00:00:00","US Dollar",7.362
226,"1978-08-14 00:00:00","US Dollar",7.362
227,"1978-08-15 00:00:00","US Dollar",7.362
228,"1978-08-16 00:00:00","US Dollar",7.3615
229,"1978-08-17 00:00:00","US Dollar",7.361
230,"1978-08-18 00:00:00","US Dollar",7.361
233,"1978-08-21 00:00:00","US Dollar",7.3615
234,"1978-08-22 00:00:00","US Dollar",7.3615
235,"1978-08-23 00:00:00","US Dollar",7.361
236,"1978-08-24 00:00:00","US Dollar",7.362
237,"1978-08-25 00:00:00","US Dollar",7.362
240,"1978-08-28 00:00:00","US Dollar",7.362
241,"1978-08-29 00:00:00","US Dollar",7.362
242,"1978-08-30 00:00:00","US Dollar",7.3625
243,"1978-08-31 00:00:00","US Dollar",7.3625
247,"1978-09-04 00:00:00","US Dollar",7.362
249,"1978-09-06 00:00:00","US Dollar",7.362
250,"1978-09-07 00:00:00","US Dollar",7.362
251,"1978-09-08 00:00:00","US Dollar",7.3615
255,"1978-09-12 00:00:00","US Dollar",7.3625
256,"1978-09-13 00:00:00","US Dollar",7.3625
257,"1978-09-14 00:00:00","US Dollar",7.362
258,"1978-09-15 00:00:00","US Dollar",7.3625
261,"1978-09-18 00:00:00","US Dollar",7.3625
262,"1978-09-19 00:00:00","US Dollar",7.362
263,"1978-09-20 00:00:00","US Dollar",7.3615
268,"1978-09-25 00:00:00","US Dollar",7.361
269,"1978-09-26 00:00:00","US Dollar",7.36
270,"1978-09-27 00:00:00","US Dollar",7.359
271,"1978-09-28 00:00:00","US Dollar",7.358
272,"1978-09-29 00:00:00","US Dollar",7.3575
275,"1978-10-02 00:00:00","US Dollar",7.357
276,"1978-10-03 00:00:00","US Dollar",7.3585
277,"1978-10-04 00:00:00","US Dollar",7.358
278,"1978-10-05 00:00:00","US Dollar",7.358
282,"1978-10-09 00:00:00","US Dollar",7.358
284,"1978-10-11 00:00:00","US Dollar",7.3585
285,"1978-10-12 00:00:00","US Dollar",7.359
286,"1978-10-13 00:00:00","US Dollar",7.36
289,"1978-10-16 00:00:00","US Dollar",7.3595
290,"1978-10-17 00:00:00","US Dollar",7.359
291,"1978-10-18 00:00:00","US Dollar",7.359
292,"1978-10-19 00:00:00","US Dollar",7.359
293,"1978-10-20 00:00:00","US Dollar",7.3595
296,"1978-10-23 00:00:00","US Dollar",7.3595
297,"1978-10-24 00:00:00","US Dollar",7.3595
298,"1978-10-25 00:00:00","US Dollar",7.36
303,"1978-10-30 00:00:00","US Dollar",7.361
306,"1978-11-02 00:00:00","US Dollar",7.3615
307,"1978-11-03 00:00:00","US Dollar",7.362
310,"1978-11-06 00:00:00","US Dollar",7.3625
311,"1978-11-07 00:00:00","US Dollar",7.3625
312,"1978-11-08 00:00:00","US Dollar",7.363
313,"1978-11-09 00:00:00","US Dollar",7.363
314,"1978-11-10 00:00:00","US Dollar",7.363
317,"1978-11-13 00:00:00","US Dollar",7.363
318,"1978-11-14 00:00:00","US Dollar",7.3635
319,"1978-11-15 00:00:00","US Dollar",7.3635
320,"1978-11-16 00:00:00","US Dollar",7.3645
321,"1978-11-17 00:00:00","US Dollar",7.365
324,"1978-11-20 00:00:00","US Dollar",7.3655
325,"1978-11-21 00:00:00","US Dollar",7.366
326,"1978-11-22 00:00:00","US Dollar",7.3675
327,"1978-11-23 00:00:00","US Dollar",7.3685
328,"1978-11-24 00:00:00","US Dollar",7.369
331,"1978-11-27 00:00:00","US Dollar",7.369
332,"1978-11-28 00:00:00","US Dollar",7.369
333,"1978-11-29 00:00:00","US Dollar",7.369
335,"1978-12-01 00:00:00","US Dollar",7.369
338,"1978-12-04 00:00:00","US Dollar",7.369
339,"1978-12-05 00:00:00","US Dollar",7.369
341,"1978-12-07 00:00:00","US Dollar",7.369
342,"1978-12-08 00:00:00","US Dollar",7.369
345,"1978-12-11 00:00:00","US Dollar",7.3695
347,"1978-12-13 00:00:00","US Dollar",7.3705
348,"1978-12-14 00:00:00","US Dollar",7.3705
349,"1978-12-15 00:00:00","US Dollar",7.371
352,"1978-12-18 00:00:00","US Dollar",7.3715
353,"1978-12-19 00:00:00","US Dollar",7.372
354,"1978-12-20 00:00:00","US Dollar",7.3725
355,"1978-12-21 00:00:00","US Dollar",7.373
356,"1978-12-22 00:00:00","US Dollar",7.373
360,"1978-12-26 00:00:00","US Dollar",7.373
361,"1978-12-27 00:00:00","US Dollar",7.374
362,"1978-12-28 00:00:00","US Dollar",7.3745
363,"1978-12-29 00:00:00","US Dollar",7.375
367,"1979-01-02 00:00:00","US Dollar",7.375
368,"1979-01-03 00:00:00","US Dollar",7.375
369,"1979-01-04 00:00:00","US Dollar",7.375
370,"1979-01-05 00:00:00","US Dollar",7.375
373,"1979-01-08 00:00:00","US Dollar",7.375
374,"1979-01-09 00:00:00","US Dollar",7.3755
375,"1979-01-10 00:00:00","US Dollar",7.376
376,"1979-01-11 00:00:00","US Dollar",7.3765
377,"1979-01-12 00:00:00","US Dollar",7.3765
380,"1979-01-15 00:00:00","US Dollar",7.3765
381,"1979-01-16 00:00:00","US Dollar",7.377
382,"1979-01-17 00:00:00","US Dollar",7.3765
383,"1979-01-18 00:00:00","US Dollar",7.3765
384,"1979-01-19 00:00:00","US Dollar",7.3765
387,"1979-01-22 00:00:00","US Dollar",7.3765
388,"1979-01-23 00:00:00","US Dollar",7.377
389,"1979-01-24 00:00:00","US Dollar",7.3765
390,"1979-01-25 00:00:00","US Dollar",7.3765
391,"1979-01-26 00:00:00","US Dollar",7.3765
394,"1979-01-29 00:00:00","US Dollar",7.377
395,"1979-01-30 00:00:00","US Dollar",7.377
396,"1979-01-31 00:00:00","US Dollar",7.377
397,"1979-02-01 00:00:00","US Dollar",7.3765
398,"1979-02-02 00:00:00","US Dollar",7.3765
401,"1979-02-05 00:00:00","US Dollar",7.3765
402,"1979-02-06 00:00:00","US Dollar",7.3765
403,"1979-02-07 00:00:00","US Dollar",7.3765
404,"1979-02-08 00:00:00","US Dollar",7.376
405,"1979-02-09 00:00:00","US Dollar",7.3765
408,"1979-02-12 00:00:00","US Dollar",7.3765
409,"1979-02-13 00:00:00","US Dollar",7.377
410,"1979-02-14 00:00:00","US Dollar",7.377
411,"1979-02-15 00:00:00","US Dollar",7.377
412,"1979-02-16 00:00:00","US Dollar",7.377
415,"1979-02-19 00:00:00","US Dollar",7.377
416,"1979-02-20 00:00:00","US Dollar",7.377
417,"1979-02-21 00:00:00","US Dollar",7.377
418,"1979-02-22 00:00:00","US Dollar",7.377
419,"1979-02-23 00:00:00","US Dollar",7.377
422,"1979-02-26 00:00:00","US Dollar",7.377
423,"1979-02-27 00:00:00","US Dollar",7.3765
424,"1979-02-28 00:00:00","US Dollar",7.3765
425,"1979-03-01 00:00:00","US Dollar",7.3765
426,"1979-03-02 00:00:00","US Dollar",7.3765
429,"1979-03-05 00:00:00","US Dollar",7.3765
430,"1979-03-06 00:00:00","US Dollar",7.3765
431,"1979-03-07 00:00:00","US Dollar",7.3765
432,"1979-03-08 00:00:00","US Dollar",7.3765
433,"1979-03-09 00:00:00","US Dollar",7.3765
436,"1979-03-12 00:00:00","US Dollar",7.377
437,"1979-03-13 00:00:00","US Dollar",7.3775
438,"1979-03-14 00:00:00","US Dollar",7.378
439,"1979-03-15 00:00:00","US Dollar",7.378
440,"1979-03-16 00:00:00","US Dollar",7.378
443,"1979-03-19 00:00:00","US Dollar",7.378
444,"1979-03-20 00:00:00","US Dollar",7.378
445,"1979-03-21 00:00:00","US Dollar",7.378
446,"1979-03-22 00:00:00","US Dollar",7.378
447,"1979-03-23 00:00:00","US Dollar",7.378
450,"1979-03-26 00:00:00","US Dollar",7.378
451,"1979-03-27 00:00:00","US Dollar",7.3785
452,"1979-03-28 00:00:00","US Dollar",7.379
453,"1979-03-29 00:00:00","US Dollar",7.3795
454,"1979-03-30 00:00:00","US Dollar",7.38
457,"1979-04-02 00:00:00","US Dollar",7.3805
458,"1979-04-03 00:00:00","US Dollar",7.3805
459,"1979-04-04 00:00:00","US Dollar",7.38
460,"1979-04-05 00:00:00","US Dollar",7.38
461,"1979-04-06 00:00:00","US Dollar",7.38
465,"1979-04-10 00:00:00","US Dollar",7.38
466,"1979-04-11 00:00:00","US Dollar",7.38
471,"1979-04-16 00:00:00","US Dollar",7.38
472,"1979-04-17 00:00:00","US Dollar",7.38
473,"1979-04-18 00:00:00","US Dollar",7.38
474,"1979-04-19 00:00:00","US Dollar",7.38
475,"1979-04-20 00:00:00","US Dollar",7.3795
478,"1979-04-23 00:00:00","US Dollar",7.379
479,"1979-04-24 00:00:00","US Dollar",7.3785
480,"1979-04-25 00:00:00","US Dollar",7.3785
481,"1979-04-26 00:00:00","US Dollar",7.379
482,"1979-04-27 00:00:00","US Dollar",7.379
485,"1979-04-30 00:00:00","US Dollar",7.379
487,"1979-05-02 00:00:00","US Dollar",7.3785
488,"1979-05-03 00:00:00","US Dollar",7.3785
489,"1979-05-04 00:00:00","US Dollar",7.3785
492,"1979-05-07 00:00:00","US Dollar",7.378
493,"1979-05-08 00:00:00","US Dollar",7.378
494,"1979-05-09 00:00:00","US Dollar",7.378
495,"1979-05-10 00:00:00","US Dollar",7.378
496,"1979-05-11 00:00:00","US Dollar",7.378
499,"1979-05-14 00:00:00","US Dollar",7.3785
500,"1979-05-15 00:00:00","US Dollar",7.3785
501,"1979-05-16 00:00:00","US Dollar",7.3785
502,"1979-05-17 00:00:00","US Dollar",7.3785
503,"1979-05-18 00:00:00","US Dollar",7.379
506,"1979-05-21 00:00:00","US Dollar",7.379
507,"1979-05-22 00:00:00","US Dollar",7.379
508,"1979-05-23 00:00:00","US Dollar",7.379
509,"1979-05-24 00:00:00","US Dollar",7.3785
510,"1979-05-25 00:00:00","US Dollar",7.3785
513,"1979-05-28 00:00:00","US Dollar",7.378
514,"1979-05-29 00:00:00","US Dollar",7.378
515,"1979-05-30 00:00:00","US Dollar",7.3775
516,"1979-05-31 00:00:00","US Dollar",7.377
517,"1979-06-01 00:00:00","US Dollar",7.377
520,"1979-06-04 00:00:00","US Dollar",7.3775
521,"1979-06-05 00:00:00","US Dollar",7.377
522,"1979-06-06 00:00:00","US Dollar",7.377
523,"1979-06-07 00:00:00","US Dollar",7.377
524,"1979-06-08 00:00:00","US Dollar",7.377
527,"1979-06-11 00:00:00","US Dollar",7.377
529,"1979-06-13 00:00:00","US Dollar",7.377
530,"1979-06-14 00:00:00","US Dollar",7.377
531,"1979-06-15 00:00:00","US Dollar",7.377
534,"1979-06-18 00:00:00","US Dollar",7.3775
535,"1979-06-19 00:00:00","US Dollar",7.3775
536,"1979-06-20 00:00:00","US Dollar",7.3775
537,"1979-06-21 00:00:00","US Dollar",7.3775
538,"1979-06-22 00:00:00","US Dollar",7.377
541,"1979-06-25 00:00:00","US Dollar",7.376
542,"1979-06-26 00:00:00","US Dollar",7.375
543,"1979-06-27 00:00:00","US Dollar",7.365
544,"1979-06-28 00:00:00","US Dollar",7.355
545,"1979-06-29 00:00:00","US Dollar",7.35
548,"1979-07-02 00:00:00","US Dollar",7.365
549,"1979-07-03 00:00:00","US Dollar",7.3705
551,"1979-07-05 00:00:00","US Dollar",7.3655
552,"1979-07-06 00:00:00","US Dollar",7.369
555,"1979-07-09 00:00:00","US Dollar",7.37
556,"1979-07-10 00:00:00","US Dollar",7.37
557,"1979-07-11 00:00:00","US Dollar",7.37
558,"1979-07-12 00:00:00","US Dollar",7.37
559,"1979-07-13 00:00:00","US Dollar",7.371
562,"1979-07-16 00:00:00","US Dollar",7.3715
563,"1979-07-17 00:00:00","US Dollar",7.3715
564,"1979-07-18 00:00:00","US Dollar",7.3715
565,"1979-07-19 00:00:00","US Dollar",7.3715
566,"1979-07-20 00:00:00","US Dollar",7.372
569,"1979-07-23 00:00:00","US Dollar",7.372
570,"1979-07-24 00:00:00","US Dollar",7.3725
571,"1979-07-25 00:00:00","US Dollar",7.372
572,"1979-07-26 00:00:00","US Dollar",7.372
573,"1979-07-27 00:00:00","US Dollar",7.3715
576,"1979-07-30 00:00:00","US Dollar",7.372
577,"1979-07-31 00:00:00","US Dollar",7.372
578,"1979-08-01 00:00:00","US Dollar",7.3715
579,"1979-08-02 00:00:00","US Dollar",7.372
580,"1979-08-03 00:00:00","US Dollar",7.372
583,"1979-08-06 00:00:00","US Dollar",7.372
584,"1979-08-07 00:00:00","US Dollar",7.372
585,"1979-08-08 00:00:00","US Dollar",7.3715
586,"1979-08-09 00:00:00","US Dollar",7.3715
587,"1979-08-10 00:00:00","US Dollar",7.3715
590,"1979-08-13 00:00:00","US Dollar",7.372
591,"1979-08-14 00:00:00","US Dollar",7.3715
592,"1979-08-15 00:00:00","US Dollar",7.3715
593,"1979-08-16 00:00:00","US Dollar",7.3715
594,"1979-08-17 00:00:00","US Dollar",7.3715
597,"1979-08-20 00:00:00","US Dollar",7.372
598,"1979-08-21 00:00:00","US Dollar",7.372
599,"1979-08-22 00:00:00","US Dollar",7.3715
600,"1979-08-23 00:00:00","US Dollar",7.3715
601,"1979-08-24 00:00:00","US Dollar",7.372
604,"1979-08-27 00:00:00","US Dollar",7.3715
605,"1979-08-28 00:00:00","US Dollar",7.3715
606,"1979-08-29 00:00:00","US Dollar",7.3715
607,"1979-08-30 00:00:00","US Dollar",7.372
608,"1979-08-31 00:00:00","US Dollar",7.3715
611,"1979-09-03 00:00:00","US Dollar",7.3715
612,"1979-09-04 00:00:00","US Dollar",7.372
613,"1979-09-05 00:00:00","US Dollar",7.372
614,"1979-09-06 00:00:00","US Dollar",7.372
615,"1979-09-07 00:00:00","US Dollar",7.372
618,"1979-09-10 00:00:00","US Dollar",7.3725
619,"1979-09-11 00:00:00","US Dollar",7.372
620,"1979-09-12 00:00:00","US Dollar",7.372
621,"1979-09-13 00:00:00","US Dollar",7.3725
622,"1979-09-14 00:00:00","US Dollar",7.3725
625,"1979-09-17 00:00:00","US Dollar",7.373
626,"1979-09-18 00:00:00","US Dollar",7.373
627,"1979-09-19 00:00:00","US Dollar",7.373
628,"1979-09-20 00:00:00","US Dollar",7.3725
632,"1979-09-24 00:00:00","US Dollar",7.3725
633,"1979-09-25 00:00:00","US Dollar",7.372
634,"1979-09-26 00:00:00","US Dollar",7.3715
635,"1979-09-27 00:00:00","US Dollar",7.3715
636,"1979-09-28 00:00:00","US Dollar",7.371
639,"1979-10-01 00:00:00","US Dollar",7.371
640,"1979-10-02 00:00:00","US Dollar",7.371
641,"1979-10-03 00:00:00","US Dollar",7.371
642,"1979-10-04 00:00:00","US Dollar",7.371
643,"1979-10-05 00:00:00","US Dollar",7.371
646,"1979-10-08 00:00:00","US Dollar",7.371
647,"1979-10-09 00:00:00","US Dollar",7.371
648,"1979-10-10 00:00:00","US Dollar",7.3715
649,"1979-10-11 00:00:00","US Dollar",7.372
650,"1979-10-12 00:00:00","US Dollar",7.371
653,"1979-10-15 00:00:00","US Dollar",7.371
654,"1979-10-16 00:00:00","US Dollar",7.371
655,"1979-10-17 00:00:00","US Dollar",7.37
656,"1979-10-18 00:00:00","US Dollar",7.37
657,"1979-10-19 00:00:00","US Dollar",7.37
660,"1979-10-22 00:00:00","US Dollar",7.37
661,"1979-10-23 00:00:00","US Dollar",7.37
662,"1979-10-24 00:00:00","US Dollar",7.371
663,"1979-10-25 00:00:00","US Dollar",7.371
664,"1979-10-26 00:00:00","US Dollar",7.371
667,"1979-10-29 00:00:00","US Dollar",7.3715
668,"1979-10-30 00:00:00","US Dollar",7.3715
669,"1979-10-31 00:00:00","US Dollar",7.371
674,"1979-11-05 00:00:00","US Dollar",7.37
675,"1979-11-06 00:00:00","US Dollar",7.37
676,"1979-11-07 00:00:00","US Dollar",7.37
677,"1979-11-08 00:00:00","US Dollar",7.371
678,"1979-11-09 00:00:00","US Dollar",7.3705
681,"1979-11-12 00:00:00","US Dollar",7.3705
682,"1979-11-13 00:00:00","US Dollar",7.3705
683,"1979-11-14 00:00:00","US Dollar",7.371
684,"1979-11-15 00:00:00","US Dollar",7.3705
685,"1979-11-16 00:00:00","US Dollar",7.3705
688,"1979-11-19 00:00:00","US Dollar",7.37
689,"1979-11-20 00:00:00","US Dollar",7.37
690,"1979-11-21 00:00:00","US Dollar",7.3705
691,"1979-11-22 00:00:00","US Dollar",7.3705
692,"1979-11-23 00:00:00","US Dollar",7.3705
695,"1979-11-26 00:00:00","US Dollar",7.3705
696,"1979-11-27 00:00:00","US Dollar",7.372
697,"1979-11-28 00:00:00","US Dollar",7.375
698,"1979-11-29 00:00:00","US Dollar",7.39
702,"1979-12-03 00:00:00","US Dollar",7.4
703,"1979-12-04 00:00:00","US Dollar",7.4115
704,"1979-12-05 00:00:00","US Dollar",7.4105
705,"1979-12-06 00:00:00","US Dollar",7.41
706,"1979-12-07 00:00:00","US Dollar",7.4105
709,"1979-12-10 00:00:00","US Dollar",7.4105
710,"1979-12-11 00:00:00","US Dollar",7.4135
711,"1979-12-12 00:00:00","US Dollar",7.4125
712,"1979-12-13 00:00:00","US Dollar",7.412
713,"1979-12-14 00:00:00","US Dollar",7.412
716,"1979-12-17 00:00:00","US Dollar",7.41
717,"1979-12-18 00:00:00","US Dollar",7.4115
718,"1979-12-19 00:00:00","US Dollar",7.4105
719,"1979-12-20 00:00:00","US Dollar",7.4125
720,"1979-12-21 00:00:00","US Dollar",7.4125
723,"1979-12-24 00:00:00","US Dollar",7.412
724,"1979-12-25 00:00:00","US Dollar",7.412
725,"1979-12-26 00:00:00","US Dollar",7.412
726,"1979-12-27 00:00:00","US Dollar",7.4105
727,"1979-12-28 00:00:00","US Dollar",7.415
732,"1980-01-02 00:00:00","US Dollar",7.415
733,"1980-01-03 00:00:00","US Dollar",7.4155
734,"1980-01-04 00:00:00","US Dollar",7.4155
737,"1980-01-07 00:00:00","US Dollar",7.4155
738,"1980-01-08 00:00:00","US Dollar",7.416
739,"1980-01-09 00:00:00","US Dollar",7.4165
740,"1980-01-10 00:00:00","US Dollar",7.42
741,"1980-01-11 00:00:00","US Dollar",7.42
744,"1980-01-14 00:00:00","US Dollar",7.4185
745,"1980-01-15 00:00:00","US Dollar",7.4145
746,"1980-01-16 00:00:00","US Dollar",7.415
747,"1980-01-17 00:00:00","US Dollar",7.416
748,"1980-01-18 00:00:00","US Dollar",7.417
751,"1980-01-21 00:00:00","US Dollar",7.417
752,"1980-01-22 00:00:00","US Dollar",7.4175
753,"1980-01-23 00:00:00","US Dollar",7.4175
754,"1980-01-24 00:00:00","US Dollar",7.417
755,"1980-01-25 00:00:00","US Dollar",7.4165
758,"1980-01-28 00:00:00","US Dollar",7.416
762,"1980-02-01 00:00:00","US Dollar",7.416
765,"1980-02-04 00:00:00","US Dollar",7.416
766,"1980-02-05 00:00:00","US Dollar",7.416
767,"1980-02-06 00:00:00","US Dollar",7.416
768,"1980-02-07 00:00:00","US Dollar",7.4165
769,"1980-02-08 00:00:00","US Dollar",7.416
772,"1980-02-11 00:00:00","US Dollar",7.416
773,"1980-02-12 00:00:00","US Dollar",7.4155
774,"1980-02-13 00:00:00","US Dollar",7.416
775,"1980-02-14 00:00:00","US Dollar",7.417
776,"1980-02-15 00:00:00","US Dollar",7.4175
779,"1980-02-18 00:00:00","US Dollar",7.416
780,"1980-02-19 00:00:00","US Dollar",7.4175
781,"1980-02-20 00:00:00","US Dollar",7.4175
782,"1980-02-21 00:00:00","US Dollar",7.42
783,"1980-02-22 00:00:00","US Dollar",7.42
786,"1980-02-25 00:00:00","US Dollar",7.42
787,"1980-02-26 00:00:00","US Dollar",7.421
788,"1980-02-27 00:00:00","US Dollar",7.4215
789,"1980-02-28 00:00:00","US Dollar",7.4215
790,"1980-02-29 00:00:00","US Dollar",7.4215
793,"1980-03-03 00:00:00","US Dollar",7.4215
794,"1980-03-04 00:00:00","US Dollar",7.422
795,"1980-03-05 00:00:00","US Dollar",7.421
796,"1980-03-06 00:00:00","US Dollar",7.42
797,"1980-03-07 00:00:00","US Dollar",7.421
800,"1980-03-10 00:00:00","US Dollar",7.425
801,"1980-03-11 00:00:00","US Dollar",7.4265
802,"1980-03-12 00:00:00","US Dollar",7.4275
803,"1980-03-13 00:00:00","US Dollar",7.4275
804,"1980-03-14 00:00:00","US Dollar",7.428
807,"1980-03-17 00:00:00","US Dollar",7.4285
808,"1980-03-18 00:00:00","US Dollar",7.4285
809,"1980-03-19 00:00:00","US Dollar",7.4285
810,"1980-03-20 00:00:00","US Dollar",7.428
811,"1980-03-21 00:00:00","US Dollar",7.4275
814,"1980-03-24 00:00:00","US Dollar",7.4275
815,"1980-03-25 00:00:00","US Dollar",7.427
816,"1980-03-26 00:00:00","US Dollar",7.4265
817,"1980-03-27 00:00:00","US Dollar",7.426
818,"1980-03-28 00:00:00","US Dollar",7.4265
821,"1980-03-31 00:00:00","US Dollar",7.4285
822,"1980-04-01 00:00:00","US Dollar",7.4285
823,"1980-04-02 00:00:00","US Dollar",7.4285
828,"1980-04-07 00:00:00","US Dollar",7.4285
829,"1980-04-08 00:00:00","US Dollar",7.428
830,"1980-04-09 00:00:00","US Dollar",7.428
831,"1980-04-10 00:00:00","US Dollar",7.428
832,"1980-04-11 00:00:00","US Dollar",7.4315
835,"1980-04-14 00:00:00","US Dollar",7.432
836,"1980-04-15 00:00:00","US Dollar",7.435
837,"1980-04-16 00:00:00","US Dollar",7.4375
838,"1980-04-17 00:00:00","US Dollar",7.4375
839,"1980-04-18 00:00:00","US Dollar",7.4505
842,"1980-04-21 00:00:00","US Dollar",7.4525
843,"1980-04-22 00:00:00","US Dollar",7.4525
844,"1980-04-23 00:00:00","US Dollar",7.455
845,"1980-04-24 00:00:00","US Dollar",7.455
846,"1980-04-25 00:00:00","US Dollar",7.455
849,"1980-04-28 00:00:00","US Dollar",7.455
850,"1980-04-29 00:00:00","US Dollar",7.46
851,"1980-04-30 00:00:00","US Dollar",7.49
853,"1980-05-02 00:00:00","US Dollar",7.49
856,"1980-05-05 00:00:00","US Dollar",7.49
858,"1980-05-07 00:00:00","US Dollar",7.49
859,"1980-05-08 00:00:00","US Dollar",7.4905
860,"1980-05-09 00:00:00","US Dollar",7.5
863,"1980-05-12 00:00:00","US Dollar",7.5035
864,"1980-05-13 00:00:00","US Dollar",7.5035
865,"1980-05-14 00:00:00","US Dollar",7.5035
866,"1980-05-15 00:00:00","US Dollar",7.51
867,"1980-05-16 00:00:00","US Dollar",7.5145
870,"1980-05-19 00:00:00","US Dollar",7.5145
871,"1980-05-20 00:00:00","US Dollar",7.52
872,"1980-05-21 00:00:00","US Dollar",7.5175
873,"1980-05-22 00:00:00","US Dollar",7.5215
874,"1980-05-23 00:00:00","US Dollar",7.52
877,"1980-05-26 00:00:00","US Dollar",7.52
878,"1980-05-27 00:00:00","US Dollar",7.52
879,"1980-05-28 00:00:00","US Dollar",7.52
880,"1980-05-29 00:00:00","US Dollar",7.52
881,"1980-05-30 00:00:00","US Dollar",7.52
884,"1980-06-02 00:00:00","US Dollar",7.519
885,"1980-06-03 00:00:00","US Dollar",7.515
886,"1980-06-04 00:00:00","US Dollar",7.515
887,"1980-06-05 00:00:00","US Dollar",7.515
888,"1980-06-06 00:00:00","US Dollar",7.517
891,"1980-06-09 00:00:00","US Dollar",7.517
892,"1980-06-10 00:00:00","US Dollar",7.517
893,"1980-06-11 00:00:00","US Dollar",7.52
895,"1980-06-13 00:00:00","US Dollar",7.52
898,"1980-06-16 00:00:00","US Dollar",7.52
899,"1980-06-17 00:00:00","US Dollar",7.52
900,"1980-06-18 00:00:00","US Dollar",7.523
901,"1980-06-19 00:00:00","US Dollar",7.523
902,"1980-06-20 00:00:00","US Dollar",7.524
905,"1980-06-23 00:00:00","US Dollar",7.525
907,"1980-06-25 00:00:00","US Dollar",7.525
908,"1980-06-26 00:00:00","US Dollar",7.528
909,"1980-06-27 00:00:00","US Dollar",7.526
912,"1980-06-30 00:00:00","US Dollar",7.528
913,"1980-07-01 00:00:00","US Dollar",7.529
914,"1980-07-02 00:00:00","US Dollar",7.53
915,"1980-07-03 00:00:00","US Dollar",7.53
919,"1980-07-07 00:00:00","US Dollar",7.53
920,"1980-07-08 00:00:00","US Dollar",7.53
921,"1980-07-09 00:00:00","US Dollar",7.535
922,"1980-07-10 00:00:00","US Dollar",7.54
923,"1980-07-11 00:00:00","US Dollar",7.5425
926,"1980-07-14 00:00:00","US Dollar",7.5425
927,"1980-07-15 00:00:00","US Dollar",7.544
928,"1980-07-16 00:00:00","US Dollar",7.55
929,"1980-07-17 00:00:00","US Dollar",7.55
930,"1980-07-18 00:00:00","US Dollar",7.545
933,"1980-07-21 00:00:00","US Dollar",7.5465
934,"1980-07-22 00:00:00","US Dollar",7.5475
935,"1980-07-23 00:00:00","US Dollar",7.5485
936,"1980-07-24 00:00:00","US Dollar",7.5525
937,"1980-07-25 00:00:00","US Dollar",7.5525
940,"1980-07-28 00:00:00","US Dollar",7.5525
941,"1980-07-29 00:00:00","US Dollar",7.5525
942,"1980-07-30 00:00:00","US Dollar",7.55
943,"1980-07-31 00:00:00","US Dollar",7.55
944,"1980-08-01 00:00:00","US Dollar",7.55
947,"1980-08-04 00:00:00","US Dollar",7.55
948,"1980-08-05 00:00:00","US Dollar",7.55
949,"1980-08-06 00:00:00","US Dollar",7.5525
950,"1980-08-07 00:00:00","US Dollar",7.555
951,"1980-08-08 00:00:00","US Dollar",7.554
954,"1980-08-11 00:00:00","US Dollar",7.5575
955,"1980-08-12 00:00:00","US Dollar",7.556
956,"1980-08-13 00:00:00","US Dollar",7.5565
957,"1980-08-14 00:00:00","US Dollar",7.558
958,"1980-08-15 00:00:00","US Dollar",7.5565
961,"1980-08-18 00:00:00","US Dollar",7.5565
962,"1980-08-19 00:00:00","US Dollar",7.5585
963,"1980-08-20 00:00:00","US Dollar",7.559
964,"1980-08-21 00:00:00","US Dollar",7.559
965,"1980-08-22 00:00:00","US Dollar",7.5585
968,"1980-08-25 00:00:00","US Dollar",7.5575
970,"1980-08-27 00:00:00","US Dollar",7.559
971,"1980-08-28 00:00:00","US Dollar",7.559
972,"1980-08-29 00:00:00","US Dollar",7.56
975,"1980-09-01 00:00:00","US Dollar",7.56
976,"1980-09-02 00:00:00","US Dollar",7.56
977,"1980-09-03 00:00:00","US Dollar",7.56
978,"1980-09-04 00:00:00","US Dollar",7.5635
979,"1980-09-05 00:00:00","US Dollar",7.564
982,"1980-09-08 00:00:00","US Dollar",7.565
983,"1980-09-09 00:00:00","US Dollar",7.565
984,"1980-09-10 00:00:00","US Dollar",7.5655
985,"1980-09-11 00:00:00","US Dollar",7.5655
986,"1980-09-12 00:00:00","US Dollar",7.565
989,"1980-09-15 00:00:00","US Dollar",7.561
990,"1980-09-16 00:00:00","US Dollar",7.56
991,"1980-09-17 00:00:00","US Dollar",7.5625
992,"1980-09-18 00:00:00","US Dollar",7.5635
993,"1980-09-19 00:00:00","US Dollar",7.5625
997,"1980-09-23 00:00:00","US Dollar",7.56
998,"1980-09-24 00:00:00","US Dollar",7.5615
999,"1980-09-25 00:00:00","US Dollar",7.5615
1000,"1980-09-26 00:00:00","US Dollar",7.5605
1003,"1980-09-29 00:00:00","US Dollar",7.56
1004,"1980-09-30 00:00:00","US Dollar",7.5595
1005,"1980-10-01 00:00:00","US Dollar",7.561
1006,"1980-10-02 00:00:00","US Dollar",7.5625
1007,"1980-10-03 00:00:00","US Dollar",7.5615
1010,"1980-10-06 00:00:00","US Dollar",7.5615
1011,"1980-10-07 00:00:00","US Dollar",7.563
1012,"1980-10-08 00:00:00","US Dollar",7.5645
1013,"1980-10-09 00:00:00","US Dollar",7.564
1014,"1980-10-10 00:00:00","US Dollar",7.562
1017,"1980-10-13 00:00:00","US Dollar",7.562
1018,"1980-10-14 00:00:00","US Dollar",7.5645
1019,"1980-10-15 00:00:00","US Dollar",7.5675
1020,"1980-10-16 00:00:00","US Dollar",7.568
1021,"1980-10-17 00:00:00","US Dollar",7.5685
1024,"1980-10-20 00:00:00","US Dollar",7.57
1025,"1980-10-21 00:00:00","US Dollar",7.57
1026,"1980-10-22 00:00:00","US Dollar",7.5715
1027,"1980-10-23 00:00:00","US Dollar",7.573
1031,"1980-10-27 00:00:00","US Dollar",7.5715
1032,"1980-10-28 00:00:00","US Dollar",7.57
1033,"1980-10-29 00:00:00","US Dollar",7.57
1034,"1980-10-30 00:00:00","US Dollar",7.5715
1038,"1980-11-03 00:00:00","US Dollar",7.5715
1039,"1980-11-04 00:00:00","US Dollar",7.5725
1041,"1980-11-06 00:00:00","US Dollar",7.5725
1042,"1980-11-07 00:00:00","US Dollar",7.572
1045,"1980-11-10 00:00:00","US Dollar",7.572
1046,"1980-11-11 00:00:00","US Dollar",7.575
1047,"1980-11-12 00:00:00","US Dollar",7.575
1048,"1980-11-13 00:00:00","US Dollar",7.5795
1049,"1980-11-14 00:00:00","US Dollar",7.5815
1052,"1980-11-17 00:00:00","US Dollar",7.5825
1053,"1980-11-18 00:00:00","US Dollar",7.5835
1054,"1980-11-19 00:00:00","US Dollar",7.584
1055,"1980-11-20 00:00:00","US Dollar",7.584
1056,"1980-11-21 00:00:00","US Dollar",7.585
1059,"1980-11-24 00:00:00","US Dollar",7.586
1060,"1980-11-25 00:00:00","US Dollar",7.587
1061,"1980-11-26 00:00:00","US Dollar",7.588
1066,"1980-12-01 00:00:00","US Dollar",7.5915
1067,"1980-12-02 00:00:00","US Dollar",7.5915
1068,"1980-12-03 00:00:00","US Dollar",7.592
1069,"1980-12-04 00:00:00","US Dollar",7.592
1070,"1980-12-05 00:00:00","US Dollar",7.593
1073,"1980-12-08 00:00:00","US Dollar",7.593
1074,"1980-12-09 00:00:00","US Dollar",7.5935
1075,"1980-12-10 00:00:00","US Dollar",7.5935
1076,"1980-12-11 00:00:00","US Dollar",7.594
1077,"1980-12-12 00:00:00","US Dollar",7.593
1080,"1980-12-15 00:00:00","US Dollar",7.593
1081,"1980-12-16 00:00:00","US Dollar",7.593
1082,"1980-12-17 00:00:00","US Dollar",7.5935
1084,"1980-12-19 00:00:00","US Dollar",7.5945
1087,"1980-12-22 00:00:00","US Dollar",7.595
1088,"1980-12-23 00:00:00","US Dollar",7.6
1089,"1980-12-24 00:00:00","US Dollar",7.6
1094,"1980-12-29 00:00:00","US Dollar",7.6
1098,"1981-01-02 00:00:00","US Dollar",7.6
1101,"1981-01-05 00:00:00","US Dollar",7.6
1102,"1981-01-06 00:00:00","US Dollar",7.6035
1103,"1981-01-07 00:00:00","US Dollar",7.604
1104,"1981-01-08 00:00:00","US Dollar",7.6135
1105,"1981-01-09 00:00:00","US Dollar",7.62
1108,"1981-01-12 00:00:00","US Dollar",7.625
1109,"1981-01-13 00:00:00","US Dollar",7.6225
1110,"1981-01-14 00:00:00","US Dollar",7.6275
1111,"1981-01-15 00:00:00","US Dollar",7.634
1112,"1981-01-16 00:00:00","US Dollar",7.64
1115,"1981-01-19 00:00:00","US Dollar",7.64
1116,"1981-01-20 00:00:00","US Dollar",7.65
1117,"1981-01-21 00:00:00","US Dollar",7.65
1118,"1981-01-22 00:00:00","US Dollar",7.6495
1119,"1981-01-23 00:00:00","US Dollar",7.649
1122,"1981-01-26 00:00:00","US Dollar",7.65
1123,"1981-01-27 00:00:00","US Dollar",7.651
1124,"1981-01-28 00:00:00","US Dollar",7.65
1125,"1981-01-29 00:00:00","US Dollar",7.6495
1126,"1981-01-30 00:00:00","US Dollar",7.65
1129,"1981-02-02 00:00:00","US Dollar",7.6525
1130,"1981-02-03 00:00:00","US Dollar",7.653
1131,"1981-02-04 00:00:00","US Dollar",7.653
1132,"1981-02-05 00:00:00","US Dollar",7.6515
1136,"1981-02-09 00:00:00","US Dollar",7.653
1137,"1981-02-10 00:00:00","US Dollar",7.655
1138,"1981-02-11 00:00:00","US Dollar",7.655
1139,"1981-02-12 00:00:00","US Dollar",7.658
1140,"1981-02-13 00:00:00","US Dollar",7.66
1143,"1981-02-16 00:00:00","US Dollar",7.67
1144,"1981-02-17 00:00:00","US Dollar",7.6725
1145,"1981-02-18 00:00:00","US Dollar",7.6725
1146,"1981-02-19 00:00:00","US Dollar",7.6725
1147,"1981-02-20 00:00:00","US Dollar",7.68
1150,"1981-02-23 00:00:00","US Dollar",7.68
1151,"1981-02-24 00:00:00","US Dollar",7.685
1152,"1981-02-25 00:00:00","US Dollar",7.688
1153,"1981-02-26 00:00:00","US Dollar",7.695
1154,"1981-02-27 00:00:00","US Dollar",7.7025
1157,"1981-03-02 00:00:00","US Dollar",7.705
1158,"1981-03-03 00:00:00","US Dollar",7.71
1159,"1981-03-04 00:00:00","US Dollar",7.715
1160,"1981-03-05 00:00:00","US Dollar",7.7175
1161,"1981-03-06 00:00:00","US Dollar",7.715
1164,"1981-03-09 00:00:00","US Dollar",7.7175
1165,"1981-03-10 00:00:00","US Dollar",7.72
1166,"1981-03-11 00:00:00","US Dollar",7.72
1167,"1981-03-12 00:00:00","US Dollar",7.725
1168,"1981-03-13 00:00:00","US Dollar",7.7275
1171,"1981-03-16 00:00:00","US Dollar",7.7275
1172,"1981-03-17 00:00:00","US Dollar",7.73
1173,"1981-03-18 00:00:00","US Dollar",7.731
1174,"1981-03-19 00:00:00","US Dollar",7.733
1175,"1981-03-20 00:00:00","US Dollar",7.735
1178,"1981-03-23 00:00:00","US Dollar",7.735
1179,"1981-03-24 00:00:00","US Dollar",7.74
1180,"1981-03-25 00:00:00","US Dollar",7.7425
1181,"1981-03-26 00:00:00","US Dollar",7.745
1182,"1981-03-27 00:00:00","US Dollar",7.75
1185,"1981-03-30 00:00:00","US Dollar",7.76
1186,"1981-03-31 00:00:00","US Dollar",7.765
1187,"1981-04-01 00:00:00","US Dollar",7.765
1188,"1981-04-02 00:00:00","US Dollar",7.77
1189,"1981-04-03 00:00:00","US Dollar",7.7725
1194,"1981-04-08 00:00:00","US Dollar",7.775
1195,"1981-04-09 00:00:00","US Dollar",7.78
1196,"1981-04-10 00:00:00","US Dollar",7.785
1199,"1981-04-13 00:00:00","US Dollar",7.785
1200,"1981-04-14 00:00:00","US Dollar",7.7875
1201,"1981-04-15 00:00:00","US Dollar",7.7875
1206,"1981-04-20 00:00:00","US Dollar",7.79
1207,"1981-04-21 00:00:00","US Dollar",7.7925
1208,"1981-04-22 00:00:00","US Dollar",7.795
1209,"1981-04-23 00:00:00","US Dollar",7.7975
1210,"1981-04-24 00:00:00","US Dollar",7.8
1213,"1981-04-27 00:00:00","US Dollar",7.8
1214,"1981-04-28 00:00:00","US Dollar",7.81
1215,"1981-04-29 00:00:00","US Dollar",7.815
1216,"1981-04-30 00:00:00","US Dollar",7.82
1220,"1981-05-04 00:00:00","US Dollar",7.82
1221,"1981-05-05 00:00:00","US Dollar",7.8215
1223,"1981-05-07 00:00:00","US Dollar",7.8215
1224,"1981-05-08 00:00:00","US Dollar",7.827
1227,"1981-05-11 00:00:00","US Dollar",7.832
1228,"1981-05-12 00:00:00","US Dollar",7.835
1229,"1981-05-13 00:00:00","US Dollar",7.84
1230,"1981-05-14 00:00:00","US Dollar",7.8425
1231,"1981-05-15 00:00:00","US Dollar",7.85
1234,"1981-05-18 00:00:00","US Dollar",7.8525
1235,"1981-05-19 00:00:00","US Dollar",7.855
1236,"1981-05-20 00:00:00","US Dollar",7.86
1237,"1981-05-21 00:00:00","US Dollar",7.86
1238,"1981-05-22 00:00:00","US Dollar",7.86
1241,"1981-05-25 00:00:00","US Dollar",7.865
1242,"1981-05-26 00:00:00","US Dollar",7.865
1243,"1981-05-27 00:00:00","US Dollar",7.875
1244,"1981-05-28 00:00:00","US Dollar",7.885
1245,"1981-05-29 00:00:00","US Dollar",7.89
1248,"1981-06-01 00:00:00","US Dollar",7.89
1249,"1981-06-02 00:00:00","US Dollar",7.895
1250,"1981-06-03 00:00:00","US Dollar",7.9015
1251,"1981-06-04 00:00:00","US Dollar",7.91
1252,"1981-06-05 00:00:00","US Dollar",7.1975
1255,"1981-06-08 00:00:00","US Dollar",7.93
1256,"1981-06-09 00:00:00","US Dollar",7.94
1257,"1981-06-10 00:00:00","US Dollar",7.95
1258,"1981-06-11 00:00:00","US Dollar",7.9495
1264,"1981-06-17 00:00:00","US Dollar",7.9495
1265,"1981-06-18 00:00:00","US Dollar",7.9495
1266,"1981-06-19 00:00:00","US Dollar",7.949
1269,"1981-06-22 00:00:00","US Dollar",7.9495
1270,"1981-06-23 00:00:00","US Dollar",7.9495
1272,"1981-06-25 00:00:00","US Dollar",7.95
1273,"1981-06-26 00:00:00","US Dollar",7.95
1276,"1981-06-29 00:00:00","US Dollar",7.9495
1277,"1981-06-30 00:00:00","US Dollar",7.949
1278,"1981-07-01 00:00:00","US Dollar",7.9485
1279,"1981-07-02 00:00:00","US Dollar",7.9485
1280,"1981-07-03 00:00:00","US Dollar",7.948
1283,"1981-07-06 00:00:00","US Dollar",7.948
1284,"1981-07-07 00:00:00","US Dollar",7.949
1285,"1981-07-08 00:00:00","US Dollar",7.9495
1286,"1981-07-09 00:00:00","US Dollar",7.9495
1287,"1981-07-10 00:00:00","US Dollar",7.9495
1290,"1981-07-13 00:00:00","US Dollar",7.949
1291,"1981-07-14 00:00:00","US Dollar",7.9485
1292,"1981-07-15 00:00:00","US Dollar",7.949
1293,"1981-07-16 00:00:00","US Dollar",7.949
1294,"1981-07-17 00:00:00","US Dollar",7.949
1297,"1981-07-20 00:00:00","US Dollar",7.949
1298,"1981-07-21 00:00:00","US Dollar",7.949
1299,"1981-07-22 00:00:00","US Dollar",7.9495
1300,"1981-07-23 00:00:00","US Dollar",7.9495
1301,"1981-07-24 00:00:00","US Dollar",7.9495
1304,"1981-07-27 00:00:00","US Dollar",7.9495
1305,"1981-07-28 00:00:00","US Dollar",7.9495
1306,"1981-07-29 00:00:00","US Dollar",7.9495
1307,"1981-07-30 00:00:00","US Dollar",7.95
1308,"1981-07-31 00:00:00","US Dollar",7.95
1311,"1981-08-03 00:00:00","US Dollar",7.95
1312,"1981-08-04 00:00:00","US Dollar",7.95
1313,"1981-08-05 00:00:00","US Dollar",7.95
1314,"1981-08-06 00:00:00","US Dollar",7.9515
1315,"1981-08-07 00:00:00","US Dollar",7.9515
1318,"1981-08-10 00:00:00","US Dollar",7.9515
1319,"1981-08-11 00:00:00","US Dollar",7.952
1320,"1981-08-12 00:00:00","US Dollar",7.952
1321,"1981-08-13 00:00:00","US Dollar",7.952
1322,"1981-08-14 00:00:00","US Dollar",7.9515
1325,"1981-08-17 00:00:00","US Dollar",7.951
1326,"1981-08-18 00:00:00","US Dollar",7.95
1327,"1981-08-19 00:00:00","US Dollar",7.95
1328,"1981-08-20 00:00:00","US Dollar",7.95
1329,"1981-08-21 00:00:00","US Dollar",7.9495
1332,"1981-08-24 00:00:00","US Dollar",7.9495
1333,"1981-08-25 00:00:00","US Dollar",7.95
1334,"1981-08-26 00:00:00","US Dollar",7.9515
1335,"1981-08-27 00:00:00","US Dollar",7.9565
1336,"1981-08-28 00:00:00","US Dollar",7.957
1339,"1981-08-31 00:00:00","US Dollar",7.957
1340,"1981-09-01 00:00:00","US Dollar",7.965
1341,"1981-09-02 00:00:00","US Dollar",7.965
1342,"1981-09-03 00:00:00","US Dollar",7.9655
1343,"1981-09-04 00:00:00","US Dollar",7.97
1346,"1981-09-07 00:00:00","US Dollar",7.97
1347,"1981-09-08 00:00:00","US Dollar",7.97
1348,"1981-09-09 00:00:00","US Dollar",7.98
1349,"1981-09-10 00:00:00","US Dollar",7.989
1350,"1981-09-11 00:00:00","US Dollar",7.99
1353,"1981-09-14 00:00:00","US Dollar",7.995
1354,"1981-09-15 00:00:00","US Dollar",7.995
1355,"1981-09-16 00:00:00","US Dollar",7.995
1356,"1981-09-17 00:00:00","US Dollar",7.995
1357,"1981-09-18 00:00:00","US Dollar",7.995
1360,"1981-09-21 00:00:00","US Dollar",7.997
1361,"1981-09-22 00:00:00","US Dollar",7.997
1362,"1981-09-23 00:00:00","US Dollar",8.005
1363,"1981-09-24 00:00:00","US Dollar",8.01
1364,"1981-09-25 00:00:00","US Dollar",8.02
1367,"1981-09-28 00:00:00","US Dollar",8.015
1368,"1981-09-29 00:00:00","US Dollar",8.018
1369,"1981-09-30 00:00:00","US Dollar",8.022
1370,"1981-10-01 00:00:00","US Dollar",8.035
1371,"1981-10-02 00:00:00","US Dollar",8.047
1374,"1981-10-05 00:00:00","US Dollar",8.04
1375,"1981-10-06 00:00:00","US Dollar",8.05
1376,"1981-10-07 00:00:00","US Dollar",8.05
1377,"1981-10-08 00:00:00","US Dollar",8.048
1378,"1981-10-09 00:00:00","US Dollar",8.054
1381,"1981-10-12 00:00:00","US Dollar",8.06
1382,"1981-10-13 00:00:00","US Dollar",8.06
1383,"1981-10-14 00:00:00","US Dollar",8.064
1384,"1981-10-15 00:00:00","US Dollar",8.067
1385,"1981-10-16 00:00:00","US Dollar",8.07
1388,"1981-10-19 00:00:00","US Dollar",8.073
1389,"1981-10-20 00:00:00","US Dollar",8.076
1390,"1981-10-21 00:00:00","US Dollar",8.078
1391,"1981-10-22 00:00:00","US Dollar",8.078
1392,"1981-10-23 00:00:00","US Dollar",8.08
1395,"1981-10-26 00:00:00","US Dollar",8.077
1396,"1981-10-27 00:00:00","US Dollar",8.07
1397,"1981-10-28 00:00:00","US Dollar",8.065
1398,"1981-10-29 00:00:00","US Dollar",8.086
1399,"1981-10-30 00:00:00","US Dollar",8.083
1403,"1981-11-03 00:00:00","US Dollar",8.1
1404,"1981-11-04 00:00:00","US Dollar",8.097
1405,"1981-11-05 00:00:00","US Dollar",8.097
1406,"1981-11-06 00:00:00","US Dollar",8.087
1409,"1981-11-09 00:00:00","US Dollar",8.083
1410,"1981-11-10 00:00:00","US Dollar",8.083
1411,"1981-11-11 00:00:00","US Dollar",8.11
1412,"1981-11-12 00:00:00","US Dollar",8.095
1413,"1981-11-13 00:00:00","US Dollar",8.095
1416,"1981-11-16 00:00:00","US Dollar",8.1
1417,"1981-11-17 00:00:00","US Dollar",8.115
1418,"1981-11-18 00:00:00","US Dollar",8.097
1419,"1981-11-19 00:00:00","US Dollar",8.097
1420,"1981-11-20 00:00:00","US Dollar",8.106
1423,"1981-11-23 00:00:00","US Dollar",8.112
1424,"1981-11-24 00:00:00","US Dollar",8.11
1425,"1981-11-25 00:00:00","US Dollar",8.11
1426,"1981-11-26 00:00:00","US Dollar",8.11
1427,"1981-11-27 00:00:00","US Dollar",8.113
1431,"1981-12-01 00:00:00","US Dollar",8.112
1432,"1981-12-02 00:00:00","US Dollar",8.11
1433,"1981-12-03 00:00:00","US Dollar",8.1
1434,"1981-12-04 00:00:00","US Dollar",8.1
1437,"1981-12-07 00:00:00","US Dollar",8.1
1438,"1981-12-08 00:00:00","US Dollar",8.095
1439,"1981-12-09 00:00:00","US Dollar",8.1
1440,"1981-12-10 00:00:00","US Dollar",8.095
1441,"1981-12-11 00:00:00","US Dollar",8.112
1444,"1981-12-14 00:00:00","US Dollar",8.112
1445,"1981-12-15 00:00:00","US Dollar",8.112
1446,"1981-12-16 00:00:00","US Dollar",8.121
1447,"1981-12-17 00:00:00","US Dollar",8.123
1448,"1981-12-18 00:00:00","US Dollar",8.135
1451,"1981-12-21 00:00:00","US Dollar",8.157
1452,"1981-12-22 00:00:00","US Dollar",8.173
1453,"1981-12-23 00:00:00","US Dollar",8.184
1454,"1981-12-24 00:00:00","US Dollar",8.183
1458,"1981-12-28 00:00:00","US Dollar",8.2
1459,"1981-12-29 00:00:00","US Dollar",8.2
1465,"1982-01-04 00:00:00","US Dollar",8.204
1466,"1982-01-05 00:00:00","US Dollar",8.21
1467,"1982-01-06 00:00:00","US Dollar",8.21
1468,"1982-01-07 00:00:00","US Dollar",8.215
1469,"1982-01-08 00:00:00","US Dollar",8.232
1472,"1982-01-11 00:00:00","US Dollar",8.242
1473,"1982-01-12 00:00:00","US Dollar",8.25
1474,"1982-01-13 00:00:00","US Dollar",8.26
1475,"1982-01-14 00:00:00","US Dollar",8.273
1476,"1982-01-15 00:00:00","US Dollar",8.28
1479,"1982-01-18 00:00:00","US Dollar",8.285
1480,"1982-01-19 00:00:00","US Dollar",8.282
1481,"1982-01-20 00:00:00","US Dollar",8.273
1482,"1982-01-21 00:00:00","US Dollar",8.269
1483,"1982-01-22 00:00:00","US Dollar",8.26
1486,"1982-01-25 00:00:00","US Dollar",8.26
1487,"1982-01-26 00:00:00","US Dollar",8.26
1488,"1982-01-27 00:00:00","US Dollar",8.27
1489,"1982-01-28 00:00:00","US Dollar",8.275
1490,"1982-01-29 00:00:00","US Dollar",8.275
1493,"1982-02-01 00:00:00","US Dollar",8.275
1494,"1982-02-02 00:00:00","US Dollar",8.272
1495,"1982-02-03 00:00:00","US Dollar",8.2655
1496,"1982-02-04 00:00:00","US Dollar",8.2655
1497,"1982-02-05 00:00:00","US Dollar",8.27
1500,"1982-02-08 00:00:00","US Dollar",8.275
1501,"1982-02-09 00:00:00","US Dollar",8.275
1502,"1982-02-10 00:00:00","US Dollar",8.278
1503,"1982-02-11 00:00:00","US Dollar",8.28
1504,"1982-02-12 00:00:00","US Dollar",8.28
1507,"1982-02-15 00:00:00","US Dollar",8.28
1508,"1982-02-16 00:00:00","US Dollar",8.285
1509,"1982-02-17 00:00:00","US Dollar",8.287
1510,"1982-02-18 00:00:00","US Dollar",8.29
1511,"1982-02-19 00:00:00","US Dollar",8.29
1514,"1982-02-22 00:00:00","US Dollar",8.277
1515,"1982-02-23 00:00:00","US Dollar",8.286
1516,"1982-02-24 00:00:00","US Dollar",8.31
1517,"1982-02-25 00:00:00","US Dollar",8.31
1518,"1982-02-26 00:00:00","US Dollar",8.31
1521,"1982-03-01 00:00:00","US Dollar",8.304
1522,"1982-03-02 00:00:00","US Dollar",8.307
1523,"1982-03-03 00:00:00","US Dollar",8.317
1524,"1982-03-04 00:00:00","US Dollar",8.325
1525,"1982-03-05 00:00:00","US Dollar",8.325
1528,"1982-03-08 00:00:00","US Dollar",8.33
